x1,x2,x3,y
0.09030540427234102,-0.7940645386551435,-0.262322419816716,2.157731201077899
0.3594282951150698,0.38396954990611043,0.0650230568211716,1.7145675559442357
-0.289829928263029,0.0848982649671075,0.7684638847727818,-0.21849716734073518
0.005725641972070594,0.11385303433236205,0.08472639576128982,0.4307403756422341
1.0,0.8165143233959411,-1.0,20.27692231161355
0.051054849469576835,-0.3528341271698534,0.4915948748120389,0.4179312361795584
0.3737008575970415,0.5395965130537348,-0.07728726737151681,1.2912351613319237
0.12467108155296924,0.2095293967761127,-0.3510861643436314,1.0419319324765226
-1.0,1.0,0.1761035192570326,5.5313847998567445
-1.0,-1.0,0.34461623447819956,10.697279065769258
-0.9543931807761143,-1.0,-0.47731170087928176,5.168431987552644
0.33254079555262717,0.7238323537687483,0.6023305088736683,2.4703382924337856
-0.8819465770412402,-0.1694597265192943,-0.6228014413882839,0.8246513721429192
-0.5678730149109867,0.18734366972577288,-1.0,-0.23174258575575782
1.0,1.0,-1.0,38.87010917858003
-1.0,-0.27315932722569025,0.1060309071734693,-3.6775830052555167
1.0,-0.3537879966281863,-1.0,4.396811848010703
1.0,0.09367453320540564,-0.6871355164943496,6.130094391341102
-0.40929252065479016,0.32853872421914665,1.0,2.353226902474778
-0.15137007278586756,-0.6321396358062108,1.0,-1.1897400500244426
0.4252319664643267,-0.23229090793177165,0.49201629782719625,1.0941214452814914
1.0,-0.25673559251657285,0.816520338252896,8.018893168814293
0.5431911854269893,-1.0,0.9776097621806721,-6.020404487086152
-1.0,0.23431598839105883,0.30337794381293026,-5.0094622091756
-1.0,1.0,1.0,17.942112620863934
-0.18522527010970902,-1.0,0.5416931620963215,1.0202708460255099
0.40717164333457445,-0.8071972565447074,0.43746274507784055,0.09267813791026258
-1.0,-1.0,1.0,21.58132863801168
0.95826735624743,-0.7950368070720393,0.1607650234729825,0.5403618733999125
0.3546005772153311,-0.10484333567477022,-0.034616161334147355,1.5005328931662973
-0.8589371887998072,0.15899608542507293,-0.7759553519699562,1.4340393550385626
-0.29613674300697634,-0.4994622866118903,-1.0,-3.4257627225412333
-1.0,0.35960364817651813,1.0,3.679788012296664
0.7495118034415618,0.13036254716454887,-0.24429754389603686,1.7358736611306937
0.38320065401267267,-0.3293191223888301,1.0,-1.4863804525240059
-0.21081535723812128,1.0,0.05002901046691721,7.338327980342839
-0.5259093678539808,-1.0,0.18474560616944546,2.9387524566515104
0.4872909784182935,-1.0,-1.0,-22.336883221449064
1.0,-0.17517634083784217,0.86879635379322,8.41393438164205
-0.19005438306163147,0.3702721353472367,0.29745505255107885,0.21185313447009213
-0.5287593084401412,-1.0,1.0,-2.8162137960085505
-0.1160057993144965,0.39099934422645544,-0.5654773763233616,-0.36692266333549595
-0.047254464601548696,-0.9788539819265445,-0.11586607155686734,2.515362683727429
0.18529448638093293,0.5818009168659619,1.0,3.815347366255707
-0.7637272352077322,0.47536606091319866,1.0,3.9967581845490137
-0.5097293328010293,-0.43048906402468656,-0.5836601538695538,1.3345883655444224
-0.11091916404906388,-0.15434737759434247,0.2615912675612089,0.249912625177872
0.30266823530348197,0.56064202300005,1.0,3.7580932288416697
0.6322477938281059,-0.4937030792458703,1.0,-2.408725127585054
0.10676587591591646,0.3259765536879782,-0.8600804819805934,-0.2657258024994875
0.09133805950497931,0.3413070782285603,0.47881597410716314,0.5461286108053236
1.0,1.0,-1.0,39.279328626857115
-0.16656230077443746,0.4262914260517423,-0.38862975682869916,-0.7694740085597708
1.0,-0.8355984896717981,-0.36714521511919096,-0.011617611874657652
-0.54173407006183,0.05660104192864601,-0.05968953848675396,-1.5875910733215473
-0.2842256240390024,-0.714466179233767,-1.0,-6.538363103965956
0.7197877798301768,-0.14540245713548616,-0.3695054630684371,1.4786395539329857
-0.5850348044548581,-0.30232616147794156,1.0,1.6432073429955758
0.11356892525247164,0.3107706715641192,0.04287159004448515,0.5598805867638604
0.1339832663209708,-0.2731137375208883,0.46388021161904947,0.6184966063503559
-1.0,-0.8782079964816845,-0.10326170178065341,4.6982312588225135
0.7041228768219256,0.11233512065882367,-0.4582973039933238,1.0469213088899427
-0.15965083383740297,-0.8347689178231961,0.21623416971928888,2.188332643340346
1.0,1.0,-0.3712828265996113,17.844656659261393
0.7483950437423721,-0.8747495308527056,1.0,-5.824079616880319
0.22373481106458604,1.0,0.9462425047585354,9.45647080259439
-0.5301840764718551,-0.8193855627643849,-1.0,-6.377231754825027
0.19757784846860194,0.07400279060695802,-0.7638332139589479,1.2484448654960838
-0.2869208933252456,-0.6444456155131522,0.16726948236668449,1.8543584673918274
1.0,-0.9918281148609491,0.047123307862721564,-7.250994957996347
0.9572880296128918,-0.033356986991434745,0.9756687293839323,9.16808428042484
-1.0,0.8173554155179275,-0.5886896480806105,6.910041738764258
1.0,1.0,-0.550744702130658,21.839177456286297
-0.4975980526937456,-0.8380290470437557,0.7357606861420152,1.9133336522140705
-0.232286928251612,-0.39863741696751465,0.6098688447179925,0.442206333818683
0.30146319485785766,0.387024599414161,-0.08156641855774516,1.3785109842822705
-0.3710033394333587,0.43967445258506643,0.3287281097100445,-0.9878255396324227
1.0,0.5421492944606507,-1.0,13.74025807767336
0.057037727409400274,0.2724367569652819,0.12871885300911323,1.009038804648883
-0.16662881314824918,0.07455466820251222,-1.0,-2.773947793818471
-0.8012186257248992,-1.0,0.04543963768096271,7.123521989260052
-0.2966176318018954,-0.3255747780246814,1.0,0.47886141456517456
1.0,0.49835474636407673,1.0,22.486744378006605
-0.7066843528767486,-0.7534042680775268,-1.0,-2.3790958955182626
0.5257546509087392,0.6858539356755455,0.4203681024358241,2.406826224678321
0.19551471398838993,-0.11888928187137271,-0.1443649393745261,1.7972027936007287
-1.0,0.21070131970636607,0.02891907268612459,-4.223725824157422
-0.28700837426911896,-0.1723667338284347,-0.20532883430490578,0.7735994693181389
0.8448585426085684,0.12243574121593204,-0.40799424632497683,1.989128092651637
1.0,-1.0,-0.6209004417861888,-12.42098064520594
0.6946565247824368,-1.0,0.3844297763777593,-2.262462488967325
0.42693520094882387,0.33338445962520913,0.8578685462610747,0.7513181540359347
0.02831451706568,-1.0,0.8019337799386224,-2.4815758827409513
-0.25801491940146004,0.1718340466386583,0.02354493227961041,-0.16914492878682294
-0.5103325024301426,0.19759511300674704,-0.5630996514755808,-1.0380789980549552
-0.9510978253661442,-1.0,-0.44319686425050064,5.543807129203021
0.433047916046879,0.6537004879120261,-1.0,-2.3100614698873643
-1.0,-1.0,0.13140200438928873,8.152097492499221
-0.7611108520661798,-0.5329566755597441,-1.0,1.4058881189229668
1.0,0.6844737380803125,-0.3040496174871048,6.1396102595074495
-1.0,0.9294306958105103,0.7407133324505424,0.5637947098863436
0.003857230074159723,-0.4462379122577107,-1.0,-5.515290268371421
0.19925842691663065,-0.3755037567930306,0.3154556536307307,0.5150430828871894
-0.4713526358557494,-1.0,-0.5673337685072259,-0.19121145500435682
1.0,-0.8488596584426114,0.3463195408378579,-0.3954266206687008
-0.47001077296474136,0.6268164854416838,1.0,6.151462074443556
0.5337084727747103,-0.10801962511512975,-0.5402579928268039,1.3611220445523262
-0.9513201423439037,-0.5445529936664459,0.34525931045235425,-0.10651384389777396
-1.0,-0.8465340743446919,-1.0,4.361879504026983
0.5325616744607296,0.4370915276163938,0.9916488434686994,3.764816363255001
-0.7611716883969621,0.040769944016137316,-1.0,3.8384273025948303
-1.0,-1.0,1.0,21.942422727301704
0.060291963165135076,0.5638355498256196,-0.8368972789859255,-0.21235335941696565
0.6731530390789975,0.5163950731929827,-0.4027492159072523,0.8613760561702541
-0.09837000197259238,0.41914409907553885,-0.6635686444872253,-0.5529805998147617
-0.7364733513592261,-0.1806222199656906,-0.3599280540251135,-0.6775764889198361
-1.0,-0.5792548819125645,-0.26023518931397094,-1.2200644454317668
0.49909384787432387,-0.7723480504258806,-0.6491327092903707,-0.39140046274605905
0.15924823686841982,0.10351612987078629,-0.3195160384247926,1.1434865925977322
-0.23236510622201645,1.0,-1.0,2.0838904312662088
0.069040769301425,-1.0,-0.9270279461821558,-13.600128534995118
0.6560056295055212,-0.017186723260447456,1.0,0.9948229861596922
0.4172410044478869,0.15122189105413741,1.0,1.148878704555396
-1.0,-1.0,-0.011631765358520063,7.798795105904052
0.03883575074139278,1.0,-1.0,4.323865285014073
-1.0,-0.9848844618698491,-0.013516319964494317,7.4576688843120955
0.4564510341133361,0.31252084499237553,0.33694925408987,0.9765817125991741
-0.73338359720113,0.6135887727417282,1.0,6.517536134479408
-0.8989066782471471,-0.06534498954388823,1.0,3.338858993005798
0.6012411880318282,0.5758677913759183,0.571718866305746,2.8124460825249837
0.11951658988583591,0.6221207680573835,-0.3025759688950991,0.8299776005680837
1.0,0.4223046579080183,0.432227266392309,8.763820747236117
0.25535301286136125,-0.8795581041391671,0.6212265180789294,-0.32532723716536105
0.5537581299223004,0.10470181078749441,-0.018915140159394772,0.7633928020130267
0.20625333442636062,0.08468204582975214,-0.36594706842660907,0.1552076827927248
-0.5482798875114328,0.26072990509069816,-0.7350949061089505,-1.0671748403003118
0.19881822241952252,0.2471176703130724,0.2998976204910513,-0.33656308265572854
0.6874897832250146,0.3860521641519994,0.32389958255028883,1.056590828477145
-0.5822452647866865,0.6881697653799188,0.09129066666945707,-0.6154379382586995
0.7602170232248473,0.021448661576613626,0.15276328400990313,2.43294927621669
1.0,-0.2104804521437338,0.5813441501639462,6.4479753908024895
-0.42796349341177464,0.4418743320000049,-0.023485523279666243,-0.6324874620985452
-0.9056080346863373,-0.5512816925647903,-0.438895981808056,0.8823220567298405
-1.0,-1.0,0.7458708555120435,15.99650575682277
-0.9903826915052465,-0.09925814567265645,1.0,3.9758534860601924
0.3975242882443091,1.0,1.0,9.403077192017061
0.7967940639418083,-0.952031132720742,-0.020764762776833923,-2.75858651537314
0.3469043688896767,-0.384255950872616,-0.5101473552854001,1.1178749909721608
1.0,0.015379033006811982,0.64652792934539,7.446053566315265
-0.0644269457931852,-0.23954462385877728,1.0,-0.8594796571862566
-0.16219853942406348,-0.323994085440112,-0.10871646912899013,0.20793114122539602
0.32225704362149443,1.0,0.4256979067993769,7.464211681939748
-0.2487212218915178,0.37603060220498263,1.0,2.6428957498225047
-1.0,0.5621242574056831,-0.518531416481617,1.9839728087946626
-0.4863290678122347,0.7736058844573999,-1.0,-4.012146633622127
-0.49626792497752903,-0.1526617070042422,0.36374700967258233,-1.0363750317810247
1.0,0.04813574861540104,-0.35464959516619765,3.752542968954774
0.5209147060085815,0.15417266789217288,1.0,1.6795163918271339
0.07974753357442266,-0.37998798135999645,0.1406212478647597,1.6382652955064116
-0.19397143966442898,-0.5398776764012525,-0.29202378383865657,1.448478916270884
0.1806892274625198,0.20711645597203776,-1.0,-3.4471891064723943
0.8448251666181403,0.25964705151534284,-0.005493341256165518,3.252737430829553
-0.5469651076221442,0.5736925376515438,0.19399834014053208,-2.380402285290714
0.04785737370496346,-0.18549604689311172,-1.0,-3.561097090124914
1.0,-1.0,-0.5499597788639421,-12.090066960702226
0.8710251740524455,0.41957500618396426,-0.26041916788452757,3.105754706875119
0.5329827826305606,-0.4237631768653396,0.12945678710773034,0.911726237214737
0.9446354077888279,0.3935246030423587,0.5475177979407659,7.364215227927684
-0.6847093603040457,-0.4259932985981707,1.0,2.327006644116711
-0.6417434709294454,0.04711430614859635,-0.5954084676203593,0.29704523714794084
0.41677844913672346,1.0,0.07341394029104698,7.542973848508556
1.0,-1.0,-0.45933271478686977,-9.867986835082759
-0.045996217005421114,-0.20747826308759865,0.6310393491401141,0.8473993863658582
0.9207480170226625,1.0,0.9474385466467203,18.93074640214984
0.34075418966014825,0.019183017569051053,1.0,-0.0404856204966918
-1.0,0.7326788337393706,-0.08483754450637293,-0.15376897332795467
-0.5076074458418063,-0.21461664044951312,0.5634322619995193,0.26387720902990364
-0.3055386499837882,-0.6392356985443475,0.7493207399367559,0.7579445976405488
0.8158999669594296,0.16816717218810173,1.0,5.872983501012926
1.0,1.0,-1.0,38.47877574936031
1.0,-0.6822694878807476,-0.5602074295141872,2.7561605988851525
1.0,0.7921682564842176,0.21667115295295192,9.145627502743544
0.19534613132980394,0.5413552821302792,-0.3101121673225202,0.11630727608852554
1.0,0.1704529027981594,-1.0,9.470053748301007
0.6497042107498887,-0.057439282347426124,0.76586329701402,1.9761973017897723
-0.939227454262483,-1.0,-0.8943926566095979,1.518145239853085
1.0,0.6544902559740795,0.3430987424522687,9.880859558278964
-0.7564841925443666,-0.9821866111303816,0.1562161628090306,6.490760535435709
-1.0,0.2389571916098474,-0.1717053650217646,-3.4157676085996016
-0.25922427769746825,-0.9665339016843586,-0.13587574220570442,2.8898077026658426
0.20950895234174127,-1.0,0.1062753562841019,0.7572710955185017
-1.0,-0.4291279786961366,0.19553740724081936,-2.2825333689246645
1.0,-0.9414549795437361,1.0,-5.978061381442782
-0.7408062596223921,0.775201201533168,-0.49972211418465085,-1.5163339311756112
-0.6576305190590737,0.626116336637321,0.6178037624835853,-1.215211455584674
1.0,-0.08592698575851454,-0.6013656608383935,5.740608606763227
-0.4800769546509531,0.09642692266047748,-1.0,-1.4022496500855965
1.0,0.3845919289420703,0.1911970042575526,6.956105924133972
0.4847890065564271,-0.37036255221850856,0.36304462748295374,1.5163441094853494
0.821123663419675,-1.0,-0.13108989852993957,-4.542661388534372
0.03751724823344693,-0.8802025193397738,1.0,-3.6693492949799436
0.9554804764108054,-0.11447885808407299,0.06085089924719589,3.9160207145343584
-1.0,0.07350931114518233,1.0,3.529932847757618
-0.6847570851600444,-0.22653391832281256,0.35702340751246586,0.16847268227696627
-1.0,1.0,0.1761107500604695,5.1918410170908365
0.16732120395389227,0.31730571903905136,0.7494593014945512,0.32876956612976166
-1.0,0.4535876058968622,0.1780657447946572,-4.443062523520107
-0.0991085246330059,-0.6200398825454938,-0.824587128622781,-1.2383670525574262
0.6826419883898855,-1.0,-0.6413552101137412,-7.241463267344974
1.0,0.21975340441702573,0.389916770393421,7.306281257862179
0.2817916712549684,0.7274581068726129,-0.6855626108448509,2.218858232287716
-0.9200332980375188,0.8682005528378076,-0.6714534358884208,3.9091923969344657
1.0,0.8454947743988779,1.0,25.852640803895653
-0.417090080050033,-0.5586368877405468,0.8614207696178826,0.16010545695778733
1.0,0.9181954349138695,-0.6760581090772624,17.614876676672942
-0.2608087193935962,1.0,0.8407088074148541,10.554944843040365
1.0,-1.0,-0.2728342741968799,-9.02348321496634
-1.0,-0.8731748655673655,1.0,18.490691079557852
0.668412894968875,-0.412142930674253,-1.0,-4.4954359369495345
0.7318626664128998,0.1867197096993083,0.010184782717608032,1.9326719821609653
1.0,-1.0,-0.10606219609057521,-8.918417097302404
0.48205195697452674,-0.19795940392967215,0.8656766102192777,-0.7681832395758169
-0.8453596304057909,0.5779726422334279,0.6448460583566529,-2.566799667965056
1.0,-0.4962858412886926,1.0,5.791144647679536
0.893621355582114,0.6380093892816237,-0.1573994032455137,4.556117182066894
0.7406873493651225,1.0,0.7605363400929395,9.418065096269787
-0.9902630917267392,-0.7191283876296659,-1.0,5.6782146585035616
-0.4792640870774696,1.0,0.4115016301637979,6.370029042818953
-0.5296992866344847,-0.042563694929017126,0.4383200204844504,-1.0879964059568072
1.0,-0.9354748347290502,-0.08877505176499678,-4.394870683038481
-0.8940954610840148,0.4655075539205784,-0.2111784040408078,-3.307864074258833
0.006611793391423593,-0.7447021291858007,-0.0693359717445925,2.614626072108175
0.30205998554184954,0.8316501583807678,-0.3985596898080195,3.41650785603748
-1.0,0.3372269388161353,1.0,3.512423620561427
-0.37835146081134075,0.2563239710255123,0.6038842042871506,-0.39116555681645526
-1.0,0.24177783012355936,1.0,3.032382096765992
-0.5610941599930706,-0.16148196880807175,0.22179063626840612,-0.5463483426678287
-0.9519349497357354,-0.07098972138203719,-0.8242129260033357,2.928980271439942
1.0,-0.43380444614389035,-0.15040673659975612,3.7402436993807235
-1.0,0.015294711767804614,-0.3608103380595722,-3.366753478786847
0.7429777456704092,-0.8646765590821288,-0.15093594300020996,0.7595226550405
0.19814382241184214,-0.26551191759929016,-0.02708145267551676,0.8124308124287417
-0.16007822584166687,-0.5188961450469629,-0.4650449325283108,0.736192971272731
1.0,-0.7107412469109564,1.0,1.6301242647659404
-0.5699069994671069,-0.23264271876914533,1.0,1.7379833769896618
-0.5393516000279486,0.292046098136604,-0.6737388460313429,-0.6901985532856498
0.20490695934949255,-1.0,-0.2627973532415926,1.2862086005749704
-0.18648682170038144,-0.7917172884796915,0.15338881287154216,1.6351315818998367
0.2284457546080998,0.028580759493853636,-1.0,-2.673846690189069
-1.0,-0.5443018805954416,-1.0,5.716191808796464
1.0,-1.0,-0.588536588522147,-12.240214743156406
-0.18944083866190442,-0.848692367667893,1.0,-1.776569775881374
0.00876657321634755,0.001787128384773018,0.8986785432865865,-0.48429961154412476
1.0,0.848959313293179,0.037468413663056976,9.77578418507299
-0.3882611366945763,1.0,-0.2612658452352261,6.065578871759841
-1.0,1.0,-0.8633112086072725,15.145650239662988
0.6040549185170896,0.07610438674634379,-0.12022548930153643,1.4249736370638892
-1.0,0.26483047531710446,0.3703726208611615,-4.463459102147167
1.0,0.8310897900564203,1.0,26.091836524362247
-0.5233341297837322,0.8121747378907944,1.0,9.018566744266117
-0.5304507197591257,-1.0,1.0,-2.455640318749731
-0.8110457158428297,-0.4503668070292739,-0.08881612505391678,0.6404286303277533
0.6802447314768301,-0.9806821667397378,0.04031732731297466,-1.4531387588374212
-1.0,1.0,-0.9734137409932866,19.69139516890453
-0.4726951492965279,0.3663429352420786,0.8317938536878262,0.6132268784641812
-1.0,-1.0,1.0,21.805239740294528
-0.07522313620157695,1.0,0.9195412308310371,11.226153353761738
1.0,0.7351568165129363,-1.0,17.017002353991373
-1.0,-0.6317594828559734,-0.5720594971884767,0.93790024577503
-0.7452290969136526,0.5831867671269348,0.6219628003571838,-2.4121521625101345
0.39501270590347826,0.8449013983984768,1.0,7.279267101701747
0.029337081106685092,-0.5708371563146291,0.3162253668074819,1.3846563240214218
-0.3576973146214457,0.3637239704021795,-0.21688781246960764,-1.2053297367723173
0.47501465377491625,-0.16693790483564364,-1.0,-2.8605922583972228
-0.2881447301388589,-1.0,1.0,-6.059462301094344
0.6132488409921721,-0.3156612605447613,-0.1666388809415318,2.0293323620932036
-0.7268734799169905,-0.04544228878399581,0.21255832658376828,-1.2821431292397931
1.0,1.0,0.13139522259361813,14.006955806834199
0.15916802306487154,1.0,-0.4235209191319167,10.749122501395501
-0.3689304704029994,0.2918444740388797,0.2395351400693546,-0.3656956139417769
0.008573737876968801,-0.0934854929110509,1.0,-0.7507737733393076
0.23268154476959801,0.03295820339114219,-0.3971845628064299,0.7187617405445437
0.8213332464753194,-0.700817202821411,0.038586316151485445,0.8794743338609046
1.0,0.3807460735290764,0.09963424884067096,6.333329760368394
0.5836875104973376,0.6933188720500838,-1.0,-2.2465255769870587
-1.0,0.3511847573997773,1.0,3.7536228035611425
1.0,-0.37059530732756274,0.72472016315052,7.416446121780446
-0.5317638462598224,0.670858840436394,-0.8127144851265236,-2.066847054701976
-0.4710492820269283,-0.32598079614726405,1.0,0.8181914017649804
-1.0,-1.0,0.6279293627032554,14.445197570061765
0.5928086202889034,1.0,-0.9321112680153316,10.36187068378614
0.2251998828321755,-0.4931662288592473,1.0,-2.2387078266100797
-0.2880489991612918,-0.21372633558252718,-1.0,-2.2101301469543433
0.3184065354237693,-1.0,-0.25382966001936325,0.6619375754851758
-0.9517891986486515,-0.006000716409772844,0.9534072445306843,2.1256208170564204
0.20898496880352369,-0.43591490446876446,-1.0,-5.979917220300642
0.8787238658765877,0.27531630750714187,-0.4869097218791403,2.490888419406751
-0.18219348847467565,-1.0,0.4242385810876943,1.197847111617098
0.0022967800266771032,0.7841111831364524,0.6309289867931833,3.4650955490001603
-0.017646616547660088,1.0,0.5451654570620894,7.4256596495944365
0.2202145726336533,-0.8644178546885029,-0.33991939331562415,1.8943458836404297
0.05633668120106239,-0.11738863923936882,-1.0,-2.7528813504727454
-1.0,-0.8854449727861289,-0.9503674271360936,3.0434251240326446
0.7236320404283365,-1.0,-0.325219986340324,-4.595514186519838
0.48858070551514277,-0.31405880830080846,0.9507043425565203,-1.4305438451086554
-0.7657456604775972,-0.10737023004752877,-0.4063308587475174,-0.7068013605350599
0.938710544961332,-0.8025753171988246,-0.38350738489406555,-0.2771492599818726
-1.0,1.0,-0.4441579909722091,12.123572439274696
-0.6777815356443693,0.742046469211439,-0.9599083804820567,-1.033345234186406
-0.8710136033830362,-0.5297489430120721,1.0,6.244082500487307
0.77142971576567,0.869221721087869,-0.6686615932894038,6.815944045569426
0.7090028746904469,0.6532085891995858,-1.0,-0.5643110600065618
-1.0,-0.7427222594681653,-1.0,4.751650564662403
-0.4037851265515937,-0.251614913623178,-1.0,-1.1883869910244391
0.706498949826778,0.501819001440144,-0.6527746615760956,1.8122956405477977
0.6408093123373217,-0.004125406715173918,0.8975518619883853,1.7868768876939012
0.2823448931327057,0.176492431909407,0.15365977202986736,1.9640253951659563
0.8258319475944176,0.9931827783965645,-0.5965693802419967,13.88475192705268
0.5943744163740181,-0.6509525341525142,-1.0,-8.25015462778249
-0.22806767551439888,-1.0,0.5119653943210138,0.982165916870074
0.10819725577169659,0.6410754206571769,-0.7308702794160875,0.28016558049562335
0.40169365011259184,-0.49744948589481774,0.6965885793833133,0.08600439777947103
-1.0,0.843209921990671,-1.0,20.02617666279572
1.0,-0.3439390899015031,0.9789724681758782,6.972394423788592
-0.8234954425563681,-0.888606539004055,0.04378864466451615,5.13014876020298
-1.0,-0.140596579249181,-0.05688683477859913,-3.9058448507275982
-1.0,0.10841602996826549,-0.7694634369071376,2.9168724848327185
-0.8847056361804622,-0.8856993978802614,-1.0,1.8349905810948137
-0.06439374373207096,-0.14645998985220543,-0.1625352912236786,1.6219369162097848
-0.5576078430530658,-0.2714676319474927,-0.3283737007039791,0.20998779934751383
-0.32421060750006103,1.0,0.647336490009917,7.853642389665993
0.5111393296217679,0.4885787422017893,-0.21377668963627938,2.0626903606516747
-0.2724029792647742,1.0,0.059045264905992045,6.9568143479330695
1.0,0.7320614949836637,-0.5227816296522596,8.05272445838397
-0.6393896208994432,-0.1654531596299995,1.0,2.118603867570899
0.4332649819480887,0.7681488834542305,0.3610648266289167,2.271503416854054
0.31331196442242315,0.5558445661219613,0.9073861233622624,3.4988806195780637
-0.9236453476004136,0.3650605102970499,-0.20107621886518512,-2.537807625346568
-1.0,0.3252191104266422,0.6425955507579251,-3.6638752371198313
0.577625039699053,0.73235783220488,-0.12797703629400203,2.5799444958345443
0.2622551236137207,-0.5932552093445889,-0.04621354127033661,0.5600325118395335
0.40443548107555305,-0.4566784190946269,-0.9032349134601958,-1.8783462696279853
0.33765444718515747,1.0,-0.23690693796274953,9.65654052242161
-0.9278979818288569,-0.06812374003420851,-0.8562936938697383,3.8075295907348266
-0.653304000167334,0.12767787998494406,1.0,3.274131769673483
0.5078022145517307,0.87544800571137,1.0,8.767450751571275
0.43437919284981863,0.16662248368244859,0.6973204611892823,-0.21834771786765417
-0.5955958039810969,1.0,0.7550790314225673,8.156230962995147
0.07869554092995146,-0.4202554771973672,0.15666973454235866,1.2777880540916249
0.3741702702374876,-0.6179970286452225,-1.0,-7.257595774014821
0.8287627381516625,0.01859361225521483,-0.1714086346884629,1.3927830877271568
-0.6691180418032425,-0.5939924874770874,0.2558241760135558,1.3981189290554294
0.9732371171784304,-0.06145248152421101,-0.9576367528525445,6.023956723766284
-0.5909177936170158,-0.028252114202733658,-0.21196715566763058,0.6488235052801439
-0.9596735754042134,0.26175767187847954,0.3268712720008502,-4.039505897803399
-0.7655845456296919,0.014060723731287306,0.49457168748783187,-1.7122071077393197
0.5417553107774482,-1.0,0.004755956167974196,-0.1055615251253662
-1.0,-1.0,-0.6427096071197467,4.0185096712362
1.0,0.09300257083950103,0.4263430893699449,6.817128351628807
1.0,1.0,-1.0,38.92836123490854
0.24204972106817402,0.5030551049607104,0.08293631643435684,0.5461130026018786
-0.5576242041051827,-0.12016813151429218,0.3114227826640952,-0.9014312301502498
-1.0,0.14191757922285397,-0.6490382761022009,-0.3018624235325475
0.5813838192577077,0.09749099506505443,0.8459465119151515,1.234123827788736
-1.0,-0.2625360996661297,-1.0,7.159755744272245
0.31539510574973995,0.012374399279566406,-0.3601206855200363,1.4076226461985955
-0.24768750569542375,-1.0,0.26034973978477893,2.5576077661674885
1.0,0.43114908745486136,1.0,21.321950586067768
-1.0,-0.3169655753780707,-1.0,7.266833419138843
0.5689176854041964,0.2633563591527326,-0.7059851528620846,0.41862602429709617
1.0,-0.6135318544323505,-0.3819366986511301,3.3424047918076583
-0.6230166065602569,-0.859449090692116,0.8558314440567134,2.3047659183979503
-1.0,-0.10085010280003304,-0.7632480902903853,1.9130837380530625
-0.9358514516057199,-0.28796716766203745,-0.9906054810421061,6.403450423264523
1.0,1.0,0.33440844976612194,13.483465271193584
0.7221917024182454,-0.13813578163607976,-0.2266092229908898,1.987151986990982
0.38090134218055094,-1.0,0.016934497069962973,0.11000045547082216
0.26147826498363713,0.5728868691763696,-1.0,-3.256127214660514
1.0,-0.6722826084540949,-0.42122081138562195,3.6550293217100966
-0.18582580350861644,0.3497620205991334,0.1910480365450713,-0.2090106456623942
-0.8422867883037071,1.0,-1.0,6.269252073637735
0.32075846371912076,-0.6980254444193268,-0.9263146190773046,-5.198939363477261
-0.9728980765438879,0.9782675707269424,-0.7428819106588727,10.305867953246496
1.0,-0.35538510155209413,-0.1035045194869415,3.705287675861851
1.0,-0.13395175585125507,-1.0,7.080163875544241
-1.0,0.07021225116830498,-0.17081323103573376,-3.989263723304063
1.0,-0.4871246775690061,0.9536908500886689,4.553563663384949
-0.6504579887791477,0.5847493115367401,0.651956517298653,-1.3500330095400348
-1.0,1.0,-1.0,22.07581389623924
0.6257789503252302,0.3801542291416389,1.0,3.5214661101597993
0.4832143163222862,0.6331704308793664,-0.49072521168564065,1.2201021430740078
-0.7293896264331408,-0.5712432798368552,-0.08440669384713151,1.6703562168449957
-0.597153177640537,-0.06414593441422967,0.7277197285470487,-0.3906363394999528
1.0,-0.909116679099186,-0.8398264112175373,-8.03070473558276
-0.4496724368972622,0.15659517375669707,0.2604458411120345,-1.0013141223762243
-0.11990779067305968,-0.2427481754731371,-0.2575072860329455,1.0981756381861763
0.6618587909611007,1.0,-1.0,10.780229152152922
0.5779058518433906,-0.12861456420062956,0.6034198312111403,0.8292900812886151
0.08014981448705139,0.9040372860242927,-0.007027990656427896,4.2651667195656175
1.0,-0.5906220667684852,-0.4911472543492188,3.7546922817624995
0.6728085783944964,-0.5096602606835314,-0.31858982271398895,0.5375679263730224
-0.11411669984065642,-1.0,-0.042690873796291884,3.010858213620295
0.04110805750795432,0.1129725753368751,-0.8859835051471889,-1.0636079564945562
0.012846966145963368,-1.0,-0.9499529784671727,-14.565866967250491
-0.5715563254531744,0.5586464109842673,0.496177014354827,-1.5834825221788755
-0.9865659935213877,-0.41441378286273456,1.0,7.826455575052267
0.44276060041389886,-0.21718232414261607,-0.9799500208918115,-3.223251973270456
-0.2276185185110653,-0.6787841708045343,0.4457079292999191,0.4688615603906549
-0.5858379636802815,-0.0030739646527322417,-0.1592787580579782,-0.16305007126156806
-0.0709176062263952,0.5774854743393372,1.0,3.843843933510663
1.0,1.0,0.5435090111999865,13.942563991050646
-1.0,-1.0,1.0,21.824197297987705
-0.46170847768749224,-0.8082662966782679,0.24352170211032487,2.5156396687392295
1.0,-0.2087816406390932,1.0,9.269836906274778
-1.0,1.0,-1.0,22.451463200150386
1.0,-1.0,-0.5762279553698626,-11.99001958405496
1.0,0.7148670140236297,0.2964130405313563,8.931480545238525
0.26256547386372,0.07130330226669601,-1.0,-2.709774583271834
0.7462644766974116,0.012315937915984954,-0.9857596770359716,0.4746048129062007
0.7189464317080494,0.7912684041830673,-0.8933209448725523,2.9264374768743378
0.14575558258731314,-0.6511632159271834,-0.4675684922082355,1.1777111315375333
-0.7291481354977756,0.6029754016801718,0.6444533455780299,-2.1412888055078994
0.7811347228048995,0.4602119922790111,1.0,9.798287723446851
-0.4540202263486226,-0.6431108748703367,0.19961071915809536,1.6909038085385841
-0.35941334586558193,-0.5991907444198252,-0.4544326447181448,0.8247329276045433
1.0,-0.6943183480547315,-0.11426975592488975,2.197137222073762
0.938323554013436,0.7473766474401315,-0.4811478956970998,5.7126660539566325
-0.8270114006551763,0.043561439425016335,0.07952594090892262,-1.8370495039304888
0.7667707461605013,0.053844416739003975,0.10000221842774137,1.9802962562395456
0.07504379294579944,1.0,0.3815866519319149,7.537630150887065
-0.5595970902487439,0.021283998065370957,0.34541302109538163,-0.6783433447110093
-0.3425147099278767,1.0,1.0,15.974444549861566
-0.42313100026188133,-0.27792925497123555,-0.4083742943324862,0.697930776674654
-0.3146214184016567,1.0,-0.00859734372107912,7.2255373031695465
0.24450698900606027,-0.13887740479193522,0.6413397264730862,0.767165559820485
-0.28339784047170413,-0.8856186684476381,1.0,-2.1464680513799315
-1.0,0.00470550492326316,-1.0,11.859884277063854
-1.0,-1.0,0.20204372702780882,8.00973530446628
1.0,-0.13126164082934655,-1.0,7.644304288238581
0.669498403062937,-1.0,0.688428463067998,-2.1655606775499168
0.8593049812737839,0.5813382284142128,0.43228184020717086,4.9433598872053635
0.34571408049200536,1.0,-1.0,6.156310113771261
0.491659441805939,1.0,-0.25437075181217317,9.695072011349895
0.6769353377076723,-0.030440018450192285,0.3885057895904387,2.5951268518560084
-0.17443364811195128,1.0,-0.8871375212309283,5.045353259351527
-0.17478762474950926,0.2874578088219868,0.5045311964237895,0.13494616901523104
0.7648985279251388,-0.4543442859971436,-1.0,-4.438718178372848
-0.08890171684608417,-1.0,-1.0,-16.55100605751491
0.9928544048046373,0.4560903966110712,-1.0,11.538067921077504
-1.0,-1.0,0.849694266929476,17.896567366071874
-0.2877718480830158,0.20705748807744473,0.2650593876387388,-1.0915062922454235
-0.26573024925657585,0.4808582895237221,-0.2892664417785944,-0.006726145882852863
0.5574945614323208,-0.44299611216204293,-0.22408913768981042,1.306544954241991
-0.14576403154956252,-0.8725539825869166,-0.2858702478150803,2.7896362892680986
1.0,-0.2298079421129302,-0.49240508922716875,4.405066025227268
0.19085397632539136,0.2963540056208618,0.9989155364030275,0.9764667099181705
-0.15753108671229898,0.4004183617167636,0.5590180360666979,-0.13045719763211813
0.11722935162437942,0.40433197665344034,-0.43834201250621896,0.17539287323574093
0.35022399331331666,-0.9516952252013304,0.48889096203995464,0.9909152565450577
-0.5989035569088441,1.0,-0.07928221469463659,5.104369494958297
0.2610088795239869,1.0,1.0,10.005775876711313
-0.2591343193313207,-0.018169938617970782,-0.9728310884406544,-1.3878647564210556
-1.0,-0.1757628456152609,-0.4347379438703214,-2.695120898295486
1.0,-0.0971665364860188,-0.5026732559455767,5.12380685835962
1.0,0.4994621463308446,0.04553939497878812,6.816744258059551
0.6652317285054568,1.0,0.3594027886452076,6.9588486290771145
-0.6433532755171172,0.0604048193608655,0.7735954593027752,-0.11672790874995914
-0.049157888116195814,1.0,1.0,12.89103724297633
0.8410628127026891,0.29060852953582317,-0.317429127354657,2.6620445505607777
-0.47262818268909035,-0.36125278493238633,0.16793670688712248,-0.2673533311825402
0.48530917663527884,0.8912845239962583,-0.1132861343571967,4.335534212300631
-0.6484402418218806,0.2526195344718942,-1.0,0.7780897724191003
-1.0,-0.7264527601136421,0.4991374121720329,4.333108101339058
-1.0,-0.24564173075881057,1.0,5.435838463830258
0.5810082092748281,-0.25701272205752046,1.0,-1.7626060982738803
-1.0,-0.4084156359059301,0.35349929042607675,-0.6221063301380753
0.136055145242995,0.12399925526300781,0.8226081564692989,-0.14795591889225218
-1.0,1.0,-1.0,22.150798566664154
0.335290592430576,-1.0,0.8591613815000358,-2.608592646704444
-0.6598205478461499,-0.5964588194384084,-0.11593628617489804,0.6925519454562256
-1.0,0.6223208633720172,1.0,6.938102066286902
0.3826171492620325,-1.0,1.0,-7.175144508625419
0.27337343659214297,1.0,-0.5328483727446329,10.923513724948869
-0.8126779952765706,0.15770864627304682,0.0028554969537939456,-2.542663694483012
-0.3971740259735801,-0.08863539076604088,-0.3409538176963762,0.17037151462940753
0.9276788393599316,0.5014679773694064,0.4885599373141478,8.213242769563127
-0.826375969662003,0.570874851836056,0.888963344124942,1.195178912795879
-0.6889959215390178,-0.773517650968087,-0.004035322615796977,2.7347053378963873
-0.7196466313345771,0.792642448871574,0.5350822061994298,-0.9731214014246414
0.5390528017486356,1.0,1.0,9.796278267847713
0.4338030903963359,-0.4868320427550217,1.0,-2.835713087631296
-0.9623549222709762,0.5720091535184173,-0.4443474682328026,-0.2337246478602955
-0.9380138856836442,-0.10375620514274098,0.34881902336594606,-2.8898678264448923
-0.12325342838182873,1.0,1.0,13.53299674043242
-1.0,-0.7552249292347981,0.2431546236058446,3.6126343662903455
-1.0,0.9465724035241663,0.3559654545900741,1.9490110722967424
-0.4980109578593015,0.005375849668771471,-0.28231310928464914,-1.0345051517127055
0.07072306637664272,-0.18244401364578433,-0.7701299467290288,1.0404169966393155
-1.0,1.0,-0.4468026451101419,12.970004889684171
1.0,0.10657484352570257,-0.1369537330722983,5.261508029162785
0.3249318211312604,0.8097220200770663,-0.05192929255000833,2.5658822039020563
0.9087876512401263,0.5574579272230915,0.6309524745870392,8.595991500401862
-0.9912315213588376,-0.23895688071403676,0.605376531192394,-1.1694948227420714
-0.7912355024687312,-0.07747800330999244,-0.13588494309537325,-1.6991224858950247
-0.04159328974673526,0.694264679410673,0.6701454142732133,2.385041556082121
-1.0,-1.0,-1.0,3.360391772879208
-0.6077477110898635,0.38221450226289155,0.3499364128954543,-1.354238290572019
0.7882685773637146,-1.0,0.2507520999319648,-2.814231365968451
-0.1655972239452903,-0.5239477699124975,0.40563746589323646,0.4031483352555675
-0.1740010293465306,-0.6656163996676085,0.747562335527016,0.20126463911195636
0.8900452175358706,1.0,-0.6541610482642064,18.03904074203531
0.035917576361248926,-0.011417673994587485,1.0,-0.8747337087092235
-0.4765543283511766,0.07113453030826977,-0.9320192835826893,-0.500025292581206
-0.07987287057982506,1.0,-0.23130194981385777,8.70735846976494
1.0,-1.0,0.0423491951390742,-8.762715704099731
-1.0,-0.7880719500644984,-0.6624565159099824,2.0614705705519403
-0.8813827212654262,1.0,0.2731179640121282,2.518154713825353
-1.0,0.35901736697272946,1.0,3.2601147539256248
-0.2045385202626382,0.1019828075488487,-0.4549217549215745,0.3104797327900181
-0.2144507177811641,-1.0,-0.17022364659757105,2.455924244174145
-0.08439931240154941,1.0,-0.8456127245939786,6.96095473281804
-0.9465822482363562,0.6580162526049969,-1.0,13.617232915647081
0.3624416883823971,0.3400970761487241,-0.13836333268664047,0.34636840112292655
0.3129192364445281,-0.30029581284884355,-0.021516627264849042,0.8622128302227823
1.0,0.8054857170943777,0.47405007972787394,11.502815154938098
-0.8307010665263055,0.3259600939749807,-0.060933313646672316,-3.307565113188721
-0.6306865217356108,-0.35394293859816806,-1.0,-0.5659114873266384
-0.8852145489582655,0.29206480759472186,-0.32600157930082063,-3.3824612266480925
1.0,-0.5706054193481882,-0.45745456000647255,2.6699697718667776
-1.0,-0.01599937678917973,0.04548719758392439,-4.626251550064814
0.6255548102345456,-0.939592583734866,1.0,-6.298416251207906
-0.8938722065591784,-0.005588694875866995,1.0,2.723030076438988
-0.2497544769735478,-0.5065221470538674,-0.5937319749932417,1.0336968509436817
-0.4078288047413423,0.2985124672199153,0.4888975573135783,-1.3215904966399232
0.4905950922768516,-1.0,0.9983442731945584,-7.210545826771341
-1.0,-0.4853704364621152,-0.10867403057541392,-2.1145362134813848
-0.383879865230633,0.38868611522523877,0.33084550720949735,-0.9681164059312081
0.7801041230195405,0.9234040828471384,-0.009237562641569053,6.979797859823986
-0.5955173850506765,-0.9739956022425056,-1.0,-8.517615740382865
-0.5316052235990538,-0.5578773398798116,-0.1606178602508519,0.7079642744863078
-0.13152309078016833,0.3116880740712271,-1.0,-2.162449381255052
0.8664496945212841,-1.0,-0.26443057258167335,-6.196724409730874
0.7528855272312673,-0.1710848132172884,1.0,0.6338899033572847
-0.892688231180951,-0.11279005183998936,-0.5526517074885908,0.03716465936746444
-0.18463200343385178,0.3710879120600583,0.24504022150666405,-0.08177567204053457
1.0,0.10657475833862184,0.8903058350745228,12.279958285955791
-0.157423076338856,0.29003397203531733,-0.7888194965543929,0.05843099274143526
0.8907163544668053,-0.6982292896607956,1.0,-1.475135266959401
-0.6902193821197422,0.3970475211858453,0.5715883062793272,-2.4177905570303833
1.0,0.4308494899559938,0.5902367423071255,10.576709259692565
0.39622472596556246,-0.8383669112677046,-1.0,-12.52573212347001
-0.8401008250389042,0.011674515738574254,0.5798791528591178,-1.7621780045727018
-0.5507928562335518,1.0,0.07098208461609401,5.153440859396596
0.2121546795522744,-1.0,1.0,-7.0748915494417695
-0.211102640747713,-1.0,-1.0,-15.851612348456374
-0.483219334998529,1.0,-0.8997664023560703,3.014391366624448
-0.140184332645652,0.5965222877081686,0.8400064841926138,2.133574768023527
0.6370582912701703,0.05266977863879485,-1.0,-1.5088805048506497
0.44628005520197545,-0.8493767891097719,-1.0,-12.77593081658352
-0.21035807082076463,0.3036174131708864,1.0,1.7143217963904274
-1.0,-1.0,1.0,22.06115327779352
1.0,-0.29482219586121294,-0.22392917025921122,4.328321299608294
-0.2525014246593975,0.5595812723620373,-0.30705454580545566,-0.9760529232943664
0.058547779004328726,1.0,0.21550291182234416,7.420400826696236
0.2900015228504018,-0.7638188835564164,-0.3604389280647189,1.6568382828697321
1.0,-0.8490904330888163,0.7303816135638406,0.9875381384769103
0.7241237394198112,-0.10895377539399487,-1.0,-2.321312763119761
-0.044437814923243835,1.0,-0.398396022504226,9.806888315907539
0.7719260916330857,-0.40211433247245076,1.0,-1.335402736341528
-0.06720415301008531,0.49491607786990244,-1.0,-3.7901477680368854
-0.9048220275126582,0.9078785191409515,-0.9048812617945974,6.9355113070394925
-0.6613388233721549,-0.20520820866826495,-0.9015109584193013,1.6790175785076826
0.8938987142783852,0.41062741459474816,0.3192601887596609,3.9262140118338813
0.624021362724561,-0.18188137522154446,0.4032161246963293,1.7176927609511963
-1.0,-1.0,0.050559377249361326,8.16579094510898
0.2554737568789198,0.08398366595496531,-0.26092447038362643,1.2253426698029155
-0.7193928868882047,1.0,0.09353584846606156,3.6638242920032607
1.0,1.0,-1.0,38.86651083091266
-0.7700389790445454,1.0,0.01817143581332825,4.325669735349125
0.34011747215671084,0.23213449731444058,-0.5700517160814706,0.6764853785545095
-0.12389074075979734,-0.1942705510798337,-0.0318647258752176,0.45604645611516825
0.012741042866052155,1.0,-1.0,4.738987544143798
-0.785475379209428,-0.5199552208044582,0.38797914018162394,1.3955333763467
-1.0,0.39357791251954155,-1.0,17.27143611779802
-1.0,0.3606014550231891,-0.1684045941151402,-3.97498313170221
0.35311277290098375,0.14900052773788852,-0.9263664392546112,-1.0523046670635223
0.7655489317725526,-0.8289141606712946,0.8451698161810342,-1.2693427889170823
1.0,1.0,-0.2722463225338405,16.933913239499805
0.8551255719600566,0.34633103530936804,-0.21225549513882314,2.9457468432885068
-0.33157540427024634,0.09395208267659672,0.4181930876109654,-0.8317271970646007
0.18683730397697018,-0.7271391152330298,1.0,-3.183530622776198
-0.13993259516618495,-1.0,-0.23517611111109193,2.3586550997967133
1.0,1.0,-0.43051577176025924,18.906670363843503
1.0,-0.5283611627177456,0.029992904815208332,3.4767197128454517
0.3866632148572464,-1.0,-0.7307847339294236,-6.926303515728471
0.9840278679411258,-0.21765269357012684,-0.017840198148507902,4.31039224354805
-0.2877799950234865,0.6758848081564113,0.31224205344513845,-0.7058924901152039
-0.3099861580367542,-0.012959264529603942,-1.0,-1.5691110786858529
0.9001904886656986,0.4045138573992175,1.0,13.675393270867247
-0.025172121542200276,-1.0,-0.13698897700555634,2.30226473251047
0.39419038605831136,-0.585054005004648,-0.1541745758659585,2.319537813384068
-0.8382409983677372,-0.7429709284140023,0.5522546243229716,4.059716993562182
0.3230053285903889,0.2484058090576704,1.0,1.4097651429649427
-0.32764450101878917,0.30022775383203903,-0.5250106662845333,-0.872402204937497
-0.5011787416443396,0.4185750897624949,-0.23986441037528294,-0.8722310061948855
-1.0,0.3086657855236994,0.03958346870322127,-4.202567882261488
-0.23466005733690265,0.1775489225858684,0.38077838036715894,-0.6663188156446496
1.0,-0.8781707135127794,0.6488039467709659,-0.0454531026006203
0.4440061550782872,1.0,-0.6061227290369404,12.068486334882252
-0.9571993442611704,1.0,-0.01658435953620785,6.15228474895613
0.9326944981891716,1.0,-1.0,29.424129216638658
0.06962441526137342,1.0,1.0,11.835999047572558
0.4043392141258073,-1.0,1.0,-7.65825676488618
1.0,-0.32419141074509605,-0.420062148644635,4.205780620162021
1.0,1.0,0.9369580419503298,23.360957618808502
-0.9947485189004317,-0.6902343752555267,0.13344742641950713,1.72271498971263
1.0,-0.8162023233632423,1.0,-1.637794083831958
0.7260924049391879,0.7786479809848463,-0.2141803437491654,2.8277838150493264
-1.0,0.7781882542234984,1.0,10.452760317116443
-0.7589525892969358,-0.2435066593576385,0.8534204351814465,1.310938501637419
0.612810827737998,0.7426456102523411,-0.530006787334319,2.2631326067756667
0.34337364119883507,0.35821354169705044,-1.0,-2.800688488245909
-0.823953609934184,-0.2525703312353331,0.07894336230887022,-0.7372179504117626
0.4316987975805371,-1.0,-0.6750745160943912,-4.691172211747168
-1.0,-0.6601944107971442,-0.2739716495811546,0.4422850268141336
-0.015563397879664542,-0.6879171282602605,1.0,-1.9685086736079076
0.49976850421809527,0.3623400930709957,0.5115176681350599,0.8426098900793323
1.0,-0.12995787889664534,0.991064444666037,9.84668605178005
-0.28483776313256115,-1.0,0.4517920984563837,1.7863409566642774
0.5666242408078248,-0.3160313106946042,-1.0,-3.9966658522124296
0.8578355476957646,-0.6877243503225843,-0.9389034530491822,-4.17774824772078
0.31411369572637926,-0.19834266124465993,0.022866013070136137,1.3478764837237527
-1.0,-0.05642210200947417,0.7760390317316679,-1.3042899507948298
-0.4067351075967416,-0.39300390655664796,-0.38124654304337935,1.3890764819305823
1.0,-1.0,1.0,-9.258283578594538
0.008935496347366456,-1.0,1.0,-6.958197697519968
-0.4763128436806716,-0.18895085560654823,0.30917026485815313,-0.4007358912786439
-0.8977843574798954,0.00031159765747990065,-1.0,7.898674007485492
0.5355398409664909,-0.3199345911286162,0.9149966817840209,-0.6011763019345537
0.27233996025272633,0.7684037486151856,-1.0,-2.901852995634251
1.0,0.2980339841378825,-0.2906760395297372,4.3948790776042905
-0.3252912601470781,-0.14613855972107026,-0.41419673484301356,0.1544471922465388
0.21689965808165756,0.15626345509494088,-0.008430467973667755,0.753944865431401
-1.0,-0.8084541780914127,-0.2593886506892522,2.9856368784524348
1.0,-0.5757344717393325,1.0,3.6981512819235323
0.29824725548241426,0.5493838657960679,-0.5617326804090454,0.7351393243211372
1.0,0.2854766039017895,-0.27306416349634866,5.3044197256686045
-0.6543202953857612,-1.0,-0.826058095036492,-3.7730187285271675
-0.6127305451746039,-1.0,0.9100583836572971,0.1278857293993022
-0.1703968719914657,0.8235255914990713,1.0,8.626540054480515
0.9631756311358712,0.6269227468035707,0.603380190031412,10.503078347014014
0.12566250933964418,1.0,-1.0,5.481026527340058
0.4614716742848466,-0.03825297777324255,-0.4647093291141353,1.6281644604687027
0.5062768068607888,-0.8253243628011471,-1.0,-12.83197132579201
-0.3277511020532584,-0.931462087539247,-0.1859411962513393,3.7152241804179322
0.0994166832758192,0.9783828542200042,1.0,11.658488832795355
0.9137023983402557,-0.6402788254015186,-1.0,-5.527553460089923
-1.0,0.6798640727379377,1.0,8.261674640523973
-1.0,-0.13684460369706453,-0.048009106267391966,-4.481316721864069
-0.5915109304976724,0.6161668648146845,0.9563719821955989,4.177164415756166
1.0,-0.04054831952883409,-0.21255412317127886,3.5794127287774944
-1.0,0.23159096107629074,-0.09623494373100039,-4.210874221674763
0.09571394193886928,-0.24833145957865077,1.0,-0.8685771660568737
0.1480778229816364,0.9444587647039209,0.2695773943344857,5.480527945058786
0.8181843397077031,0.6106825154794673,0.5954890117249578,6.106186860088703
0.5723587252095004,0.3632672169615412,0.11435489453852687,0.6864167548541846
-0.19573402415707108,0.684600008264368,0.7963776591570446,2.7214795757406978
-0.1308628419642115,0.4661012683016872,0.3913678866562027,-0.11698586889669511
0.5807246185157089,-0.9845096678129364,-1.0,-21.247070964810003
0.43821359673796567,-0.8138812592821352,-0.23284331799269808,0.7296224993340555
-1.0,-0.23444652703587465,-0.13539677799291616,-3.3773939689463757
-1.0,-0.20363354435432202,-0.976426056829343,6.732588876840319
0.1939266883393318,-0.7734283664277706,1.0,-3.3705305087757504
-0.7259613353703267,-0.6714838148863571,-0.4467184637512476,2.022676408161852
-1.0,-0.8540800864691853,-1.0,4.1939424294472465
0.584213749748937,0.3639161773860693,-1.0,-1.417450270317752
-1.0,0.6832211629305771,1.0,8.896872006380391
-0.2233044572934535,-0.4361184414342545,-0.5536537143602307,1.117725009260546
-0.3837188929780231,-1.0,-0.602328353763079,-0.39609988657200923
-0.7614994106524235,0.7102226091156951,-0.4576030369250248,-1.2421125280135485
0.4210584268331208,-0.622864511138226,-0.928582072900058,-4.823452823070397
0.2038707684733867,-0.4759492949373876,-0.18710080213865243,0.8601937310440639
-0.9289055080888513,-0.6594080924324648,0.4352286668184109,3.362640380227742
0.18079569695528908,0.040654795624879725,0.19766689961947392,1.3395954062030173
0.8957524839273503,1.0,-1.0,24.270656137065817
1.0,-0.17904811525264508,-0.9208696387280795,7.0463953596083275
0.4478377428631142,-0.03470544765167971,-0.0583501042038872,1.709248853740432
1.0,0.19093605309724504,-0.11016487150999676,6.032348916640944
-0.9396084884875726,0.9243650289102128,-1.0,13.045590112348826
-0.8090224411919702,-0.48227385721088,1.0,5.2887576743310305
-0.4282413890037273,0.45518436920158134,-1.0,-3.7893907096253847
-0.5806661727334652,0.387644903043473,-0.07606330961001495,-1.0547812943674795
0.6918025092775211,-0.14492081104869814,0.9238041467053526,0.17868202242116432
1.0,-0.9389438873769449,-0.8968248315636818,-12.011017895453813
0.7536972153629897,0.20171932033852014,0.3805791944235082,3.019347090762188
0.7417715493467811,-0.1960375339642526,1.0,0.6946991178620572
-1.0,-1.0,-1.0,2.327166452157117
-1.0,0.4594680975740344,0.521470249310588,-4.356796523815381
-0.2981417655524021,0.4348226673980773,-0.3044707473174957,-0.8668067239957185
0.9127782894039234,-0.6658647227767842,-1.0,-5.908733904179733
-0.7492732995438907,0.14453451530791672,-0.13053548387453295,-2.406202241401897
0.17378252170187314,-0.6229756042648407,-0.4944227644783681,0.7701832384685523
-0.1295160005805578,0.42964206897281976,0.348398561713402,0.3424736026651568
-0.6854698114186784,-0.10608308608125916,-1.0,1.3824351772066181
-1.0,0.8378855489047474,-0.6265698690810517,7.304292276173643
-0.1570781105236405,0.3608256349639216,0.017515292062687315,0.08329250630248683
-1.0,-0.5135856939937393,-1.0,6.193053353890701
-0.7976614791257697,-0.4049311454618181,0.5488336981712172,-0.17321297439276007
0.23127133224887597,0.8346639482419813,-1.0,-1.5946292249823788
-0.11686746703518658,0.5050103366696153,1.0,3.964756407924065
0.8047167364481638,-0.5916415352002429,-1.0,-7.050361669806364
1.0,0.2018495941177303,-0.32736795523936113,4.753601356684802
-0.49687072859175596,0.23649065300197525,0.8802689087449223,1.1261755218608778
0.9919131100300431,-0.004404137811815589,-0.8544734743306821,7.166527474156183
-0.47934182957030314,-1.0,0.9677777086931119,-3.216777165600533
-0.9445803000763431,-1.0,-0.07125718392044589,7.634031848808518
1.0,0.09383074939979652,-1.0,9.386159358107598
-0.5062393982681053,1.0,-0.798562473535241,4.147789820781164
-0.446858521001267,1.0,0.13053087235858518,6.303441342824066
0.968558690746381,-0.835845130044572,-1.0,-11.427954870253421
0.2441891903694371,0.9825716642478763,1.0,10.761768588061338
0.1224581379288614,-0.12111106163864616,0.3622077859689379,0.9892973182775849
-0.46324860100205756,0.5367969330576956,0.38142545588043153,-1.2172946072157644
0.15307422433666362,-0.4790017697358182,0.5455266684111661,0.7693163527073867
-1.0,0.8582029245188856,-1.0,19.536567796663427
0.6927891538268354,0.9043633353614715,1.0,11.017647422241803
-0.13375689172169491,-0.43033935942486257,0.5322273935013593,0.4705215789354197
-1.0,0.03628001361393696,-0.5506095241909339,-1.7152607055030056
-0.13042503500814306,0.9929296861812307,-0.2864153293850258,8.140442047577208
-0.2553221621268986,-0.14049251484508263,-0.9649092502132426,-2.184194196972159
-0.7718286671322496,-0.478416215516533,0.2845339980759807,1.2518905003953722
-0.2525269841683999,-0.10036416321527741,-0.006417379692676972,-0.9305514483036821
-0.449929912697522,-0.1887036733747547,-1.0,-1.6372440415130312
-0.285886290697257,1.0,0.005326875114820551,7.350385132635368
-0.09030491432044752,0.3203659826748242,0.266594925654313,0.3481720042164939
0.7481452759855749,0.27223203176876054,-0.5946679589179866,1.4132038754512135
-0.45482358192598005,0.26559892366373306,-0.009125064390287374,-0.7907437011488059
0.046399527091735226,0.29541733784448954,0.27800788338619187,0.013704347961800423
-0.5336841172709603,0.2536118673249894,0.6423732030980873,-0.44047127042491285
-0.507580285129525,-0.6758797693510163,0.48828490207896547,1.4675591023607049
0.6683521544513265,0.006725343149494467,0.3074914718013444,1.2130624734218176
1.0,0.788350276237421,0.672655845422022,13.138733585482791
-0.12085562987107434,-0.4195393565742809,-0.25993751110404295,0.7962103135046977
0.9013168598977201,0.5786225644416791,0.23900128991465786,5.8967552978953925
1.0,-1.0,1.0,-9.395880312553034
0.9477158511694017,0.06959666581628943,0.33704624191610133,5.621605358844849
-1.0,-0.977185708169436,-0.7996225704724875,2.489053713474345
0.5910870712765599,-0.5003396179119644,-0.5005894676990583,1.8240977479945726
-1.0,-0.25732199159435276,-0.005123708034870722,-3.482361318060122
0.05060942053499762,0.289557578648155,0.5784972799209918,0.6664380609874379
-0.5942808063177034,-1.0,-0.6643734935960499,-0.9732415301062174
0.7678950517369387,-0.3723200674002025,0.11017472404602469,2.017084483917025
1.0,-0.30486060977877827,-0.5296003489448675,4.622155923544475
0.4039242486151391,1.0,-0.836313229123749,10.971788823017468
1.0,1.0,1.0,25.725203727816687
0.2668005513480587,0.3525584696142967,0.9399544360020116,1.3870477671541634
0.18956794372308705,-0.7944714646359965,-1.0,-10.110276418892937
0.5957410156624086,0.29413477610925964,-0.17873459015066673,0.7391700548344898
1.0,1.0,-1.0,39.297791127941395
0.8769443263298204,-1.0,0.48207634487208106,-4.21565231606651
0.4932062399893804,-0.32317583833135877,-0.19592201339987514,0.9999271882812493
0.43092367274516996,-1.0,0.06192154689700646,1.4130707497402881
-1.0,-0.11478657232433687,1.0,3.645787182576181
0.49478925428170983,-0.1564235498086366,0.23973322864223578,1.8557896086996934
-0.2777581414739809,1.0,0.08557047846835464,7.161976516581444
-0.14864914843080368,-1.0,0.4994265450770492,1.3657266131501216
-0.7819112255543543,1.0,-0.4497641008824056,4.111503504538161
0.27574599578770975,-1.0,-0.3115098187428833,1.1988470214436011
0.16172747564910828,-0.022005747322656477,0.9704776371448585,-0.49574312869620796
-0.1272269412679221,1.0,0.28445733327357403,7.525884349909464
-0.23791131729678772,0.2526367987518796,0.7629528385086795,0.3628880524018328
0.5149546530010607,-0.6171252852877078,0.5273522244588214,0.5449454555845319
0.038399255413458455,0.5231867749760604,-0.28431298667254024,-0.20388720822631978
-0.7525578849953689,1.0,-1.0,2.5710459838387383
0.8681728647532005,-1.0,0.965944468291343,-6.904806885090633
-0.14296545364564173,-0.9445295426289801,-1.0,-13.720419108294562
0.5460338662558686,1.0,-0.402332965647783,10.290092602006403
1.0,-0.9651139705525236,-0.6665442302616116,-9.544543667957912
0.49654897681550936,-1.0,1.0,-6.721414101292644
0.5997883503999797,-1.0,-0.5960367211999342,-6.0697495055671755
1.0,-0.09111508069940522,-0.15603261199858331,4.332777083096329
1.0,0.3778868125565742,0.6162269667908511,9.815592573235463
0.6831844639982305,1.0,-0.35354357443363393,11.75936051387035
-0.6779084232484403,0.5162537289118876,1.0,3.5342833305934582
1.0,0.054675057562313834,-0.7699668422355483,7.10062118108191
-0.6460439190347822,1.0,0.4920619128583863,4.750298789650189
-0.5944352595290452,0.20875077069247183,1.0,1.8499029983767297
0.10465731536130551,0.6621027796033043,-0.05190443601197381,0.9772072234351457
0.26843065544338995,-0.03204468650511205,1.0,-0.6455200604899844
0.2168044583152633,0.09203216085307897,0.3235243987591987,0.8679496342936706
0.17905784131078417,0.28035321155683035,-0.23800266863464015,1.2937755713100614
1.0,0.05277262279498074,0.7617732714955463,10.028932937818055
0.9586601614913204,0.8884499137973005,-0.2430098681823334,9.28525127116985
-1.0,-0.49591513115651664,-1.0,5.981166660503093
-0.1307078008882614,-1.0,0.10658689602622906,2.95706312329101
1.0,-1.0,0.5610041426688261,-5.700050819878154
0.5435262548367363,-0.12788073799720157,-0.5860601421506288,1.393991047160936
0.3901488090044085,-1.0,-0.15503607620163606,0.7745390768563604
1.0,0.31438669238709327,-0.2534447718874395,3.950137771496187
-0.8406030609168491,1.0,-1.0,5.076038385738637
-0.7830386569284498,0.8276505856831131,0.7431332633097323,1.2207160638142334
-1.0,-0.9161241706638537,-0.20143968966717618,5.370475080171209
0.05894604243908286,-1.0,-1.0,-17.286304400294018
-0.9065032717419956,0.07364468190505846,-0.28044357284156396,-1.0774347069443906
1.0,0.13400119148092737,0.2246779596604842,6.062572675579499
-0.6192797883938059,1.0,-0.44263423620347186,4.900664350547699
-0.7274605943989911,-0.2359675135041095,0.06750441907628613,-0.5012304491007366
0.03316378408820264,0.09720741210390393,-0.9423376623479178,-2.3262404636321268
-0.688837064626062,-1.0,0.8361991776352524,3.8277465397902874
1.0,0.40733309263626283,0.1962573200754445,7.929379756271617
-0.9123832207800948,-0.2888856209512378,0.6059122434655078,-0.39921552242999314
0.9805178195681401,0.36590903517002493,-0.6281279609799706,5.136788682683682
-0.11407293481485592,-0.013128608553239829,-0.47974841373531896,1.0855187881366897
-0.4516008889560401,-0.4105282356149911,0.7989466741348736,0.5455889407388184
0.17067719811767912,1.0,1.0,10.711921923283189
0.7587827965335796,0.4985927370354757,-0.414743733486179,1.216341753274547
-1.0,0.36733338631187507,-1.0,16.099673043026726
0.9897289915693994,-0.007363150653002748,0.9290092719578982,10.071669360383467
0.5854877822084277,-0.4163751015890045,-0.4186250028677634,0.68783255938051
0.8135049289581731,-0.6278834471394865,1.0,-1.3463326797964537
-0.08539953013597135,-0.6136873461417365,0.3043135863384536,0.9901853604504671
0.3169330925429834,0.37059930905306504,0.0767839373763386,0.42508363347199946
-0.450190242011417,-0.6970400779646864,1.0,0.36063071755972503
-0.7915785658057415,1.0,-0.037441239462469245,5.1949897837718195
-0.9133591059775137,-0.06974474543353115,-1.0,6.84497647000992
-1.0,-0.15475050814744895,1.0,4.981714869628024
1.0,-0.7127561144804662,-0.5221175290099498,2.9275636439856174
-0.671483109194577,-0.7020434250865109,-1.0,-1.8768772403555856
0.552759972128144,-0.31361116289304736,-1.0,-3.3180437496700463
0.47185480103519595,-0.349299084563659,-0.11085782304535474,1.6481476286867633
0.22629743163334837,-0.724396749371256,-0.9441517834345039,-5.6828449766744
0.03284813278042731,-0.2099876050727969,-0.016798333142993283,1.3264885116356149
0.9501953997342347,-0.1628098839205936,-0.7356716660768836,4.517329839300655
0.011999862715704301,-0.984409788915038,-0.44295471921092044,0.5176042632339928
-0.5185955899265533,0.2339530151085336,0.22716182534988616,-1.0769084364437154
-0.3073434015542251,-0.25364182099909405,-0.16273507838836898,0.8742630623879495
-0.460775298423733,0.14120649179896283,-0.07731815217688531,-0.4660724573529391
0.30143368138039905,0.8141421805185278,-0.7491108216890188,2.7910494003945225
-0.9862254385990636,0.7055910044373379,0.9376568998710431,3.313952077980975
0.2995129446628064,1.0,-1.0,4.9457761456025295
0.129843561723767,0.3216838405589233,-0.4176064697898225,0.7506241348145166
0.012748949150467537,-1.0,1.0,-7.185181349151994
0.8026541230406494,0.9380692787207394,0.43667362060222903,7.031680326104805
-1.0,-0.5581040802331498,-0.6314075448395242,0.6592655814691941
-1.0,-0.13655794392071918,-0.33710803777878207,-3.4039066879311117
1.0,-0.22617439822916086,1.0,8.597651945851016
0.15602181490732447,-0.3365487173556938,-0.11064959904820859,1.0656407516073207
0.7810977375412458,0.1307155982896031,-0.4996204510143656,2.613870433663225
-1.0,0.21852651080441077,0.2168268044081212,-4.380855715102169
-0.052685483021284396,0.7522197533992567,1.0,6.693503529386607
0.554752982404324,-0.7356844671881122,0.49234797439938793,1.884413281678421
-0.6805467340083902,0.4594274978321906,0.38315305685659506,-2.835175833861566
0.2205680489303148,-0.8518042435045796,1.0,-4.610316748802477
0.45949293494828414,-1.0,-0.02021529872386041,0.6198573225248596
0.32454368229394914,-0.04183157149055816,-0.10435934269780334,1.4117683769403437
1.0,-1.0,1.0,-9.301270333375811
-0.9426139374007356,1.0,1.0,16.500514649955537
-0.045325291348281116,-1.0,0.2132208613842579,1.800259513218029
-1.0,0.0471145009810896,-1.0,11.671442645957276
1.0,-0.6161362371638921,-1.0,-0.5154668894640624
-1.0,-0.3247427900729969,-0.011724431018443005,-3.139861493588212
-0.4854475541676402,-0.08058272021820345,-0.8865836488839045,-0.17677277504974567
-0.9218260198886941,0.8566543584717157,0.49832972363758876,-1.753896118043192
-0.8085785281898163,-0.522275557489059,-0.08217153880235006,1.033540975967268
0.32955421160699205,0.5697364794109632,-1.0,-3.2121689176872854
-0.8822150142871417,-1.0,1.0,11.617658568535909
1.0,-0.9280056060943129,-0.18620550131925295,-4.055053513402349
0.3360473374912589,-0.2253963976680975,0.38944107740246525,1.321142311355377
0.6304597306705639,1.0,-0.5644441935524493,11.34536080577572
0.0239731175936857,-1.0,1.0,-5.759986182953621
-0.5192470926529229,1.0,0.5294731609844394,5.934841918239497
-1.0,-0.4235832864827267,-0.2757384401317158,-2.0585695496566063
-0.9201687256053261,-0.6263959409754603,1.0,8.716521814803848
0.45578566064723436,0.19636461311377418,-0.6481500946480545,1.398970599697222
-0.9137967313355164,0.2789908552053726,-0.8100324586443111,3.0270056230628515
0.5204062906772644,0.7035979467286497,-0.7048080711546285,1.641677912698324
0.3514302241406966,-0.7046137393497329,0.5631879413454515,0.3649599561395347
-0.7101866912299228,-1.0,1.0,1.784795730972622
0.6308198886427998,-0.9326181513832454,-1.0,-18.968337128615474
-0.8553466411469599,-0.05631555318089587,-1.0,6.369204234084568
0.700153230933729,0.3116302643258084,-1.0,-0.2999911101501325
-0.4373084864521244,1.0,0.3621630993457787,5.899925696459407
0.5835336199991392,-0.005781372089693981,0.04638392794810775,1.0727758404934686
-1.0,0.4909446421558883,-0.8122404312430231,7.920066077487718
-0.6685318544170256,-0.03580521936506398,0.929832799886376,1.5542400104362397
-0.2365937593301617,-0.44548716725110893,-0.8354178870240299,-1.2095180633105391
0.470736302392307,0.8695175290560446,-0.5408598306849162,3.959494731892541
0.5099009166884423,0.616667689729844,0.3591242156637311,1.7398488300541086
1.0,-0.16371350221326808,0.13322134303067212,5.195528323355771
-0.9799183557992417,1.0,-0.044840958742482506,7.2485308540811
-0.8283263323539825,0.4541324063327714,-0.787423471353037,0.5200156792925477
0.523258822269038,-0.4531794684276331,-0.2775538230812278,0.9319340091748876
0.028062768555695783,-0.40893627940095567,0.3524649289145614,0.6945699056499188
0.9536869992929673,0.8109497926637681,0.6892276664242039,12.693327608037393
0.2696158585226094,0.18846322185235143,0.6888415717235916,0.079279080128
-0.4654034380786316,-0.22604076913363214,0.14677721158676404,0.3204167017302665
1.0,0.0951154673119301,0.9812774847852086,14.523244333289178
0.4447129022635723,-0.3990065612113052,-1.0,-4.666460920924925
-1.0,-0.49872962255979036,0.6132561304957347,1.1231479595957967
-0.5772289418589316,1.0,0.020244849859720304,5.641807837185542
0.13159418151519575,-0.2308677704323958,-0.664077786226487,1.4671300797104938
0.16578830549154033,-0.1964161788605716,-0.41128719256989243,1.446960132279528
0.7233434763549937,-0.19167182096202873,0.2050123901993297,2.481382499409184
-0.16630307074179895,-0.5724234256008742,0.6057791266307553,-0.3922201460248192
-0.20496365706796627,-0.49572722528312707,0.376443562992264,-0.34893696633749505
-0.01270922198211788,1.0,1.0,13.228838490607567
0.04260104755332761,0.3621701729929572,-0.6241516569985845,0.4067961454768291
0.5188430900683372,-0.31611790385648253,1.0,-2.4634666989159344
0.252189291074459,0.8020848352828782,1.0,6.702628875776527
1.0,-0.7941617966789727,1.0,-0.23555690113272504
-0.2910843616202643,-0.8366575442325259,1.0,-2.1546585026719502
0.027869407283695802,1.0,-0.027377746639187128,8.125929117268603
-0.04353072464956331,-0.17860402469047054,-0.2957648534548438,2.14640829276518
-1.0,-0.10365030200618963,0.17434777123412593,-4.083827285726748
-0.6600440290585334,0.1233191535251057,0.09796963015209981,-0.9908338755424715
0.21794221212874065,-0.3733114052122708,1.0,-2.9476883072546802
0.16654392912574645,0.4517712741861317,-1.0,-3.4524529989319506
-1.0,1.0,-0.304526163012381,11.579965738345534
0.011419431664660973,1.0,-0.7729884657178137,9.772134300573187
-0.9156384458211484,0.9560094536770689,-1.0,10.480388832268545
-1.0,0.5462096687891016,1.0,6.057878089274811
0.6260273280184216,0.7737723708380699,0.1258630012383657,3.3653899837189667
-0.3115246678120305,-0.21356867246226074,-1.0,-1.393758180693615
-0.5628365997360179,1.0,-0.7510750476938095,3.8011079400440315
0.24048340996629292,-0.27663722698129867,0.8573541804945946,-0.648107443392141
-0.46849351732886024,-0.45510000623171964,0.17149714850851572,0.6280298472758106
0.01599699746207839,0.5547444290554624,-0.22982839362777296,0.5696978068109125
0.05831521035840215,0.8788525059532075,-1.0,-2.2640919495406724
-0.32711772026597963,-0.3026211006215722,1.0,-0.3627047711505933
0.805020848898621,-0.05935584532306115,0.8511510304475287,3.6623202452977397
1.0,1.0,-0.5447235071005199,21.884105154449916
-0.8697389045888482,0.8404867011678796,0.628788302662374,-1.408548788698678
0.8252356640805394,0.2132629159972117,-1.0,1.8808310698763797
0.1295325258152744,0.3276836221557997,-0.1670280785446172,0.137098192387351
-1.0,-0.9585756036902513,0.6623851775898928,13.922650240488812
-1.0,-0.7694136982363862,0.01916784275832084,2.2822712650083052
0.5305968624286641,0.949398631977592,-0.6568098227562658,8.283754126589725
0.8029457149690593,-0.6760364438311157,-1.0,-8.996764760578184
0.7576936499776947,0.2848165365375792,0.09123615082373138,2.3625748578300345
0.049132169972096795,-1.0,0.5542261133764743,-0.199844167003764
0.33594834035071064,-0.5366245782474495,0.19083065987754977,0.900371879042975
0.6274963157473645,0.9224914131687147,-1.0,3.3763331917083814
0.6647480685587555,-1.0,0.20010558586101812,-2.0756036584086766
1.0,1.0,-0.19217738354446667,16.2621823763554
-1.0,1.0,-0.0026629109495732717,7.888060202829496
-1.0,-0.8953080788995462,1.0,18.38713525023411
0.01838106861208111,0.3066169856029499,0.2297714215307094,-0.31551263306685134
-0.4108357706749164,0.8718684907601093,0.9058523389546382,7.755438477171782
0.5637471699652759,1.0,-0.17434605070300524,9.20504149080507
-0.4644144741201508,0.2524556544693466,0.9168510499101226,1.7520037761203304
1.0,-0.9276991524672502,-1.0,-18.196249733678638
-0.6778104701843986,0.8387367380059207,0.16036551813103794,-0.8763117811607459
-1.0,-1.0,0.08887196711085421,7.872101667669312
1.0,0.30689315305271236,0.3001050704427113,6.5150172360529535
-0.5416201883582705,0.030074710453592113,0.29767701798585566,-0.8457470228114995
-0.5948685974281038,-0.5840528860477714,-0.08416773844435177,0.4197601379364315
-0.642658880903229,1.0,1.0,15.934261409710103
0.10530447540906507,1.0,0.26020273762635404,7.833874530078526
-0.4961752789872613,-1.0,-0.6787184269713107,-1.8678339534575763
0.5747573283915492,0.24054386910179826,0.4548345635813065,1.1731385841338768
1.0,0.2848577624517705,-0.08385561830916166,5.211832882778939
-0.7209932463488478,0.7192246721768181,0.3561028753376718,-2.6582741850858063
-1.0,0.8072854753224403,-0.9233659070427429,14.557395772582977
0.4617943145174712,-0.016969164212635945,-0.37544443266719973,0.824616215299638
0.09103043398898691,0.42625667933994316,-0.2055420659503946,-0.10210570473982539
0.9710519276006369,0.7567037638641203,-0.39987871236638584,6.178056532468538
0.5367750706672574,0.8216347878328845,-1.0,-0.8305467587160967
1.0,0.9464978486071796,0.7197538456637114,15.793071901679646
-0.7388607696952485,-0.5189535919267243,0.7814903595457281,1.854457300873624
0.5956023718539998,-1.0,0.06946356744060145,-0.8600119030684201
-1.0,0.6750484195582316,0.1435848572644527,-2.313501507405571
-1.0,0.18834796988681024,-1.0,13.912817181696482
-0.934357063144972,-0.831083645344739,-0.32975588344257534,3.9899072961516646
-0.7075226756575081,-1.0,-0.5430262043636025,2.061302082598583
0.5488569564849088,0.5769504484650807,0.914258778501406,3.7985716306149917
-1.0,0.10895683441490811,-0.9147883299965476,7.816904969513788
-0.5660134862440387,-0.32907142242235965,-1.0,-0.8835660772461824
-0.7119578746612791,0.7502723204506843,0.010507338965208612,-2.1547634869313903
0.4421941872741222,-0.6432640333724893,0.4071980018605559,0.6514567937817997
0.7648923598989803,0.5318813658374155,0.4925667225607213,3.756644689156742
-0.33413426019088055,0.23090950329048177,-1.0,-2.8039891077145285
0.73599526661666,-0.7002974401287783,-0.12197024444825133,0.871295632058027
-1.0,-1.0,-0.738015834420992,2.890573683438022
1.0,-0.15660682027761785,-0.32287862352854213,4.951431784822292
-0.06982630043101912,-0.42583446789364987,-0.14855193830553404,0.7801710879818389
1.0,1.0,-1.0,39.25637542680294
-0.664838887656952,-0.3940189564757939,-0.10817932226186433,0.4362076168857491
0.22183406956224294,0.6227312559039564,-0.3933785270957373,1.4148211972122442
-0.3201606627100033,1.0,0.29977669447119126,6.9306909053906915
0.06430837967185776,0.6114954412988467,0.15247060132954848,0.2608919088050038
0.9493394814599225,1.0,-0.9607312906683882,29.70180291051335
-0.8155284380882428,1.0,-0.5272873076147955,4.497145779516752
-0.718818064053754,-0.8279898637796124,1.0,5.230737517382052
1.0,-0.5760676083037253,-0.3820366089011935,4.194676115317145
-0.8260291525603931,0.981640415259398,-0.5723484698474672,4.579290779179272
0.930223022699729,-0.7109587384818414,1.0,-0.9307969426456494
-0.31946515982147883,0.40615772378846215,-0.36066419850959375,-0.4573655867705344
-0.7707739849342405,-0.29991211381395644,0.041499549947535685,-0.7755515063790881
-0.9622855667855721,0.5042796507171374,1.0,5.514800411802272
-0.4328415927192195,0.07164255257068053,0.04870944004154687,-0.20040991308337397
