deg,alpha,cv_mse,cv_r2
3,0.004,1.0102630691813443,0.9045559265211662
3,0.008,1.0078503752346126,0.904783864516089
3,0.012,1.0195159310495068,0.9036817672502052
3,0.018,1.0502030708837429,0.9007826158127806
4,0.004,0.660446919357172,0.9376046237629218
4,0.008,0.6418917875454272,0.9393576101068497
4,0.012,0.6454186514567437,0.9390244114890142
4,0.018,0.6648805571826448,0.9371857581552382
5,0.004,0.37962788714314577,0.9641348545142148
5,0.008,0.35454218607688925,0.9665048129625385
5,0.012,0.3549885470641925,0.9664626432424233
5,0.018,0.3717175052140734,0.9648821836971927
6,0.004,0.4253813498295818,0.9598123201290927
6,0.008,0.3820573294401468,0.9639053342276864
6,0.012,0.37706062769140625,0.9643773950041384
6,0.018,0.3904775175097065,0.9631098413770293
7,0.004,0.4294261181929078,0.9594301927598452
7,0.008,0.3859775609690888,0.9635349724105355
7,0.012,0.38441969848402957,0.9636821506515598
7,0.018,0.3977633786544322,0.9624215134675301
